Sl,RID,FN,LN
0,16871,Alan,Gunn
1,16900,Jim,Borrett
2,16886,Howard,King
3,16882,Roger,Milford
4,16881,Kelvin,Morton
5,16872,Alf,Buksh
6,16895,Gerald,Ashby
7,16891,Brian,Hill
8,16888,Vic,Callow
9,16889,Mike,Reed
10,16894,Martin,Bodenham
11,16883,Joe,Worrall
12,16879,Robert,Hart
13,16875,Keith,Hackett
14,16870,David,Elleray
15,16898,Keren,Barratt
16,16880,Stephen,Lodge
17,16887,Mike,Peck
18,16911,Ray,Bigger
19,16869,Philip,Don
20,16908,Dermot,Gallagher
21,16877,David,Allison
22,16910,John,Key
23,16885,Ron,Groves
24,16905,Peter,Foakes
25,16876,Roger,Dilkes
26,16878,Ken,Redfern
27,16902,Gary,Lewis
28,16890,John,Martin
29,16909,Bob,Hamer
30,16893,Paul,Durkin
31,16884,Ray,Lewis
32,16873,Rodger,Gifford
33,16907,Bob,Nixon
34,16904,George,Pearson
35,16897,Keith,Burge
36,16914,Peter,Willis
37,16899,Alain,Hamer
38,16896,Philip,Wright
39,16874,Keith,Cooper
40,16892,Paul,Ward
41,16913,Kevin,Wright
42,16901,Mick,Fletcher
43,16912,Alan,Wilkie
44,16903,John,Lloyd
45,16906,Clive,Wilkes
46,16916,Graham,Poll
47,16917,David,Frampton
48,16915,Terry,Holbrook
49,16918,D,Crick
50,16920,Gary,Willard
51,16919,Paul,Danson
52,16921,Peter,Jones
53,16922,Mike,Jones
54,16923,Paul,Alcock
55,16925,Jeff,Winter
56,16924,Steve,Dunn
57,16919,Paul,Danson
58,16920,Gary,Willard
59,16880,Stephen,Lodge
60,16879,Robert,Hart
61,16923,Paul,Alcock
62,16908,Dermot,Gallagher
63,16893,Paul,Durkin
64,16924,Steve,Dunn
65,16921,Peter,Jones
66,16916,Graham,Poll
67,16874,Keith,Cooper
68,16895,Gerald,Ashby
69,16912,Alan,Wilkie
70,16894,Martin,Bodenham
71,16889,Mike,Reed
72,16870,David,Elleray
73,16876,Roger,Dilkes
74,16925,Jeff,Winter
75,16897,Keith,Burge
76,16927,Michael,Riley
77,16926,Graham,Barber
78,16928,Frank,Stretton
79,16906,Clive,Wilkes
80,16930,Neale,Barry
81,16929,Uriah,Rennie
82,16932,Brian,Winter
83,16922,Mike,Jones
84,16931,Billy,Burns
85,16933,Rob,Harris
86,16935,Barry,Knight
87,16936,Alan,Wiley
88,16937,Steve,Bennett
89,16938,Mark,Halsey
90,16934,Andy,D'Urso
91,16940,Paul,Taylor
92,16939,Rob,Styles
93,16941,Mike,Dean
94,16942,Matt,Messias
95,16944,Eddie,Wolstenholme
96,16945,David,Pugh
97,16946,Phil,Dowd
98,16943,Chris,Foy
99,16948,Peter,Walton
100,16947,Howard,Webb
101,16949,Mark,Clattenburg
102,16951,Martin,Atkinson
103,16953,Phil,Crossley
104,16950,Andre,Marriner
105,16952,Richard,Beeby
106,16954,Lee,Mason
107,16957,Matteo,Trefoloni
108,16956,Marco,Gabriele
109,16955,Keith,Stroud
110,16959,Steve,Tanner
111,16958,Lee,Probert
112,16960,Stuart,Attwell
113,16962,Kevin,Friend
114,16961,Anthony,Taylor
115,16963,Michael,Oliver
116,16965,Neil,Swarbrick
117,16964,Jonathan,Moss
118,16966,Roger,East
119,16967,Craig,Pawson
120,16968,Robert,Madley
121,17019,Paul,Tierney
122,16989,Graham,Scott
123,17018,Simon,Hooper
124,21322,Andy,Taylor
125,17407,Chris,Kavanagh
126,17029,Andy,Madley
127,17006,David,Coote
